age_CE,966031_raw,966032_raw,966051_raw,966052_raw,966061_raw,966062_raw,966081_raw,966082_raw,966091_raw,966092_raw,966101_raw,966102_raw,966111_raw,966112_raw,966121_raw,966122_raw,966141_raw,966142_raw,966151_raw,966152_raw,966161_raw,966162_raw,966171_raw,966172_raw,966181_raw,966182_raw,966191_raw,966192_raw,966201_raw,966202_raw
1612,,,1.32,,,,,,,,,,,,,,,,,,,,,,,,,,,
1613,,,1.13,,,,,,,,,,,,,,,,,,,,,,,,,,,
1614,,,1.72,,,,,,,,,,,,,,,,,,,,,,,,,,,
1615,,,1.57,,,,,,,,,,,,,,,,,,,,,,,,,,,
1616,,,1.79,,,,,,,,,,,,,,,,,,,,,,,,,,,
1617,,,1.77,,,,,,,,,,,1.55,,,,,,,,,,,,,,,,
1618,,,2.19,,,,,,,,,,,1.56,,,,,,,,,,,,,,,,
1619,,,1.32,,,,,,,,,,,1.69,,,,,,,,,,,,,,,,
1620,,,1.49,1.43,,,,,,,,,,1.64,,,,,,,,,,,,,,,,
1621,,,1.59,1.62,,,,,,,,,,1.6,,,,,,,,,,,,,,,,
1622,,,1.46,1.52,,,,,,,,,,1.47,,,,,,,,,,,,,,,,
1623,,,1.65,0.92,,,,,,,,,,1.95,,,,,,,,,,,,,,,,
1624,,,1.74,1.39,,,,,,,,,,1.11,,,,,,,,,,,,,,,,
1625,,,1.42,1.13,,,,,,,,,,0.88,,,,,,,,,,,,,,,,
1626,,,1.09,0.96,,,0.93,,,,,,,1.19,,,,,,,,,,,,,,,,
1627,,,1.16,1.18,,,0.69,,,,,,,1.22,,,,,,,,,,,,,,,,
1628,,,0.95,1.39,,,0.76,,,,,,,1.17,,,,,,,,,,,,,,,,
1629,,,1.39,1.1,,,1.06,,,,,,,1.0,,,,,,0.97,,,,,,,,,,
1630,,,1.23,1.41,,,0.97,,,,,,,0.97,,,,,,0.88,,,,,,,,,,
1631,,,1.04,1.42,,,0.98,,,,,,,1.42,,,,,1.41,1.17,,,,,,,,,,
1632,,,1.15,1.02,,,0.97,,,,,,,1.05,,,,,1.08,1.02,,,,,,,,,,
1633,,,1.33,1.2,,,0.69,,,,,,,1.46,,,,,1.31,1.22,,,,,,,,,,
1634,,,1.07,1.11,,,0.91,,,,,,,1.18,,,,,1.27,1.06,,,,,,,,,,
1635,,,1.08,0.98,,,0.92,,,,,,,1.15,,,,,1.28,1.11,,,,,,,,,,
1636,0.48,,1.34,1.11,,,0.83,,,,,,,1.04,,,,,1.01,1.03,,,,,,,,,,
1637,0.38,,1.33,1.29,,,0.81,,,,,,,0.79,,,,,0.96,1.25,,,,,,,,,,
1638,0.51,,0.97,1.13,,,1.42,,,,,,,0.87,,,,,1.08,1.35,,,,,,,,,,
1639,0.31,,0.99,1.32,,,1.25,,,,,,,0.84,,,,,1.31,1.19,,,,,,,,,,
1640,0.01,,0.86,0.86,,,0.87,,,,,,,0.63,,,,,0.97,1.0,,,,,,,,,,
1641,0.13,,0.78,0.75,,,0.76,,,,,,,0.55,,,,,0.73,0.87,,,,,,,,,,
1642,0.53,,0.86,0.78,,,0.83,,,,,,,0.54,,,,,0.84,0.72,,,,,,,,,,
1643,0.44,,0.86,1.2,,,0.91,,,,,,,0.71,,,,,0.87,0.79,,,,,,,,,,
1644,0.46,,0.87,1.32,,,0.78,,,,,,,0.77,,,,,0.98,1.03,,,,,,,,,,
1645,0.63,,1.21,1.11,,,1.0,,,,,,,0.58,,,,,0.83,0.94,,,,,,,,,,
1646,0.6,,0.54,1.0,,,0.89,,,,,,,0.77,,,,,0.77,0.9,,,,,,,,,,
1647,0.74,,0.61,0.97,,,0.7,,,,,,0.44,0.87,,,,,0.69,0.79,,,,,,,,,,
1648,0.72,,0.6,0.91,,,0.68,,,,,,0.55,0.87,,,,,0.57,0.92,,,,,,,,,,
1649,0.73,,0.79,1.08,,,0.69,,,,,,0.53,1.07,,,,,0.9,1.1,,,,,,,,,,
1650,0.73,,0.9,1.08,,,0.55,,,,,,0.71,0.91,,,,,0.96,1.21,,,,,,,,,,
1651,0.8,,1.13,0.99,,,0.98,,,,,,0.86,1.08,,,,,0.91,0.99,,,,,,,,,,
1652,0.84,,0.7,1.09,,,0.67,,,,,,0.64,0.8,,,,,0.62,0.9,,,,,,,,,,
1653,0.92,,0.6,0.97,,,0.8,,,,,,0.82,0.89,,,,,1.04,0.9,,,,,,,,,,
1654,0.96,,0.67,1.03,,,0.95,,,,,,0.91,0.96,,,,,1.01,1.0,,,,,,,,,,
1655,0.81,,0.87,0.57,,,0.72,,,,,,0.46,0.68,,,,,0.61,0.72,,,,,,,,,,
1656,0.92,,0.96,0.74,,,0.73,,,,,,0.56,0.9,,,,,0.94,0.77,,,,,,,,,,
1657,1.07,,0.89,0.67,,,0.82,,,,,,0.5,0.83,,,,,0.91,0.82,,,,,,,,,,
1658,1.04,,1.03,0.7,,,0.94,,,,,,0.44,0.78,,,,,1.02,0.93,,,,,,,,,,
1659,0.89,,1.01,0.71,,,0.81,,,,,,0.47,0.92,,,,,0.77,0.74,,,,,,,,,,
1660,0.9,,1.31,0.42,,,0.69,,,,,,0.49,0.81,,,,,0.84,0.64,,,,,,,,,,
1661,0.83,,0.83,0.53,,,0.71,,,,,,0.47,0.7,,,,,0.65,0.75,,,,,,,,,,
1662,0.8,,0.66,0.83,,,0.86,,,,,,0.64,0.95,,,,,0.88,1.11,,,,,,,,,,
1663,0.71,,0.75,0.78,,,0.63,,,,,,0.65,1.0,,,,,0.88,0.89,,,,,,,,,,
1664,0.77,,0.68,0.58,,,0.65,,,,,,0.48,0.86,,,,,0.68,0.79,,,,,,,,,,
1665,0.81,,0.0,0.74,,,0.74,,,,,,0.51,1.12,,,,,0.87,0.83,,,,,,,,,,
1666,0.69,,0.0,0.9,,,0.57,,,,,,0.45,0.85,,,,,0.8,0.77,,,,,,,,,,
1667,0.31,,0.0,0.32,,,0.26,,,,,,0.24,0.38,,,,,0.21,0.16,,,,,,,,,,
1668,0.39,,0.0,0.24,,,0.19,,,,,,0.2,0.3,,,,,0.1,0.05,,,,,,,,,,
1669,0.57,,0.0,0.37,,,0.48,,,,,,0.28,0.36,,,,,0.05,0.1,,,,,,,,,,
1670,0.44,,0.0,0.42,,,0.44,,,,,,0.26,0.39,,,,,0.12,0.09,,,,,,,,,,
1671,0.37,,0.0,0.38,,,0.39,,,,,,0.23,0.38,,,,,0.12,0.05,,,,,,,,,,
1672,0.25,,0.0,0.29,,,0.26,,,,,,0.13,0.19,,,,,0.01,0.02,,,,,,,,,,
1673,0.34,,0.0,0.34,,,0.4,,,,,,0.24,0.21,,,,,0.17,0.25,,,,,,,,,,
1674,0.32,,0.0,0.32,,,0.48,,,,,,0.25,0.24,,,,,0.22,0.41,,,,,,,,,,
1675,0.33,,0.0,0.5,,,0.55,,,,,,0.28,0.27,,,,,0.32,0.45,,,,,,,,,,
1676,0.37,,0.0,0.4,,,0.54,,,,,,0.25,0.27,,,,,0.31,0.44,,,,,,,,,,
1677,0.28,,0.0,0.33,,,0.26,,,,,,0.15,0.19,,,,,0.2,0.12,,,,,,,,,,
1678,0.08,,0.0,0.3,,,0.17,,,,,,0.19,0.17,,,,,0.23,0.12,,,,,,,,,,
1679,0.2,,0.0,0.47,,,0.35,,,,,,0.41,0.28,,,,,0.35,0.26,,,,,,,,,,
1680,0.26,,0.0,0.51,,,0.41,0.16,,,,,0.5,0.37,,,,,0.46,0.45,,,,,,,,,,
1681,0.21,,0.0,0.42,,,0.26,0.11,,,,,0.41,0.4,,,,,0.35,0.33,,,,,,,,,,
1682,0.26,,0.31,0.47,,,0.36,0.04,,,,,0.63,0.64,,,,,0.31,0.34,,,,,,,,,,
1683,0.53,,0.61,0.8,,,0.71,0.1,,,,,0.82,0.93,,,,,0.81,0.64,,,,,,,,,,
1684,0.57,0.65,0.48,1.09,,,0.89,0.29,,,,,1.06,1.02,,,,,0.98,1.02,,,,,,,,,,
1685,0.55,0.6,0.59,0.76,,,0.8,0.41,,,,,1.07,1.24,,,,,0.92,0.75,,,,,,,,,,
1686,0.55,0.5,0.64,0.74,,,0.68,0.28,,,,,0.8,1.09,,,,,0.93,0.75,,,,,,,,,,
1687,0.75,0.68,0.61,0.81,,,0.75,0.61,,,,,1.14,0.94,,,,,0.88,0.75,,,,,,,,,,
1688,0.69,0.5,0.64,0.72,,,0.68,0.49,,,,,0.75,0.61,,,,,0.67,0.62,,,,,,,,,,
1689,0.86,0.8,0.67,1.14,,,1.03,0.76,,,,,0.8,0.94,,,,,1.04,0.69,,,,,,,,,,
1690,0.83,1.02,0.63,0.93,,,1.2,0.74,,,,,1.01,0.92,,,,,0.85,0.56,,,,,,,,,,
1691,0.69,0.81,0.58,1.1,,,0.86,0.82,1.05,,,,1.07,0.97,,,,,0.77,0.64,,,,,,,,,,
1692,0.97,0.89,0.74,1.06,,,1.18,0.79,1.27,,,,0.95,1.03,,,,,0.92,0.6,,,,,,,,,,
1693,0.76,0.72,0.46,1.11,,,0.93,0.65,0.86,,,,1.16,1.12,,,,,0.76,0.64,,,,,,,,,,
1694,0.69,0.73,0.36,0.95,,,0.81,0.58,0.68,,,,0.77,0.81,,,,,0.54,0.35,,,,,,,,,,
1695,0.76,0.92,0.66,1.48,,,1.08,0.9,0.94,,,,1.19,1.09,,,,,0.65,0.45,,,,,,,,,,
1696,0.66,1.15,0.41,1.11,,,1.07,0.87,0.74,,,,0.87,1.07,,,,,0.55,0.64,,,,,,,,,,
1697,0.64,0.57,0.55,0.83,,,0.98,0.79,0.99,,,,0.75,0.84,,,,,0.54,0.55,,,,,,,,,,
1698,0.63,0.55,0.57,1.01,,,0.79,0.83,0.77,,,,0.68,0.93,,,,,0.48,0.47,,,,,,,,,,
1699,0.72,0.78,0.4,0.89,,,1.09,0.94,0.7,,,,0.87,0.98,,,,,0.52,0.63,,,,,,,,,,
1700,0.45,0.49,0.3,0.7,,,0.73,0.66,1.18,,,,0.73,0.81,,,,,0.29,0.36,,,,,,,,,,
1701,0.53,0.81,0.46,0.79,,,0.97,0.76,0.9,,,,0.89,0.96,,,,,0.47,0.54,,,,,,,,,,
1702,0.48,0.55,0.5,0.0,,,0.85,0.67,0.8,,,,0.72,0.8,,,,,0.34,0.38,,,,,,,,,,
1703,0.61,0.83,0.51,0.0,,,1.71,0.84,1.1,,,,1.06,1.32,,,,,0.77,0.48,,,,,,,,,,
1704,0.59,0.82,0.59,0.55,,,1.35,1.03,1.45,,,,0.97,1.21,,,,,0.64,0.54,,,,,,,,,,
1705,0.59,0.71,0.38,0.64,,,1.18,0.95,1.22,,,,0.88,1.01,,,,,0.41,0.64,,,,,,,,,,
1706,0.5,0.66,0.41,0.77,,,1.1,0.79,1.27,,,,0.8,1.1,,,,,0.24,0.52,,,,,,,,,,
1707,0.45,0.43,0.43,0.6,,,0.97,0.82,1.15,,,,0.73,0.77,,,,,0.26,0.35,,,,,,,,,,
1708,0.75,0.72,0.44,0.55,,,1.27,0.75,1.41,,,,0.73,0.77,,,,,0.33,0.45,,,,,,,,,,
1709,0.59,0.63,0.24,0.62,,,0.88,0.73,1.05,,,,0.56,0.54,,,,,0.15,0.29,,,,,,,,,,
1710,0.68,0.76,0.26,0.5,,,0.8,0.57,0.96,,,,0.47,0.5,,,,,0.2,0.44,,,,,,,,,,
1711,0.52,0.82,0.4,0.67,,,0.88,0.62,0.87,,,,0.61,0.58,,,,,0.2,0.41,,,,,,,,,,
1712,0.61,0.87,0.35,0.5,,,0.84,0.62,1.15,,,,0.45,0.44,,,,,0.1,0.43,,,,,,,,,,
1713,0.55,0.8,0.3,0.37,,,0.81,0.51,0.86,0.62,,,0.4,0.3,,,,,0.13,0.36,,,,,,,,,,
1714,0.61,0.73,0.22,0.39,,,0.95,0.49,0.88,0.8,,,0.56,0.36,,,,,0.25,0.52,,,,,,,,,,
1715,0.54,0.59,0.36,0.44,,,0.62,0.49,0.99,0.7,,,0.46,0.31,,,,,0.13,0.3,,,,,,,,,,
1716,0.71,0.71,0.35,0.53,,,0.95,0.5,0.94,0.7,,,0.48,0.37,,,,,0.19,0.37,,,,,,,,,,
1717,0.4,0.4,0.2,0.36,,,0.59,0.35,0.71,0.65,,,0.25,0.3,,,,,0.03,0.15,,,,,,,,,,
1718,0.64,0.73,0.32,0.44,,,0.75,0.43,0.87,0.82,,,0.59,0.42,,,,,0.17,0.36,,,,,,,,,,
1719,0.58,0.73,0.26,0.39,,,0.5,0.31,0.78,0.6,,,0.4,0.34,,,,,0.18,0.28,,,,,,,,,,
1720,0.61,0.61,0.33,0.33,,,0.46,0.31,0.76,0.76,,,0.46,0.39,,,,,0.18,0.19,,,,,,,,,,
1721,0.51,0.64,0.31,0.41,,,0.39,0.23,0.87,0.99,,,0.53,0.33,,,,,0.12,0.18,,,,,,,,,,
1722,0.39,0.53,0.17,0.25,,,0.32,0.18,0.6,0.56,,,0.33,0.23,,,,,0.07,0.12,,,,,,,,,,
1723,0.65,0.74,0.35,0.35,,,0.45,0.31,0.7,0.82,,,0.47,0.34,,,,,0.1,0.27,,,,,,,,,,
1724,0.63,0.83,0.43,0.43,,,0.44,0.36,1.03,0.87,,,0.52,0.27,,,,,0.04,0.19,,,,,,,,,,
1725,0.75,0.97,0.39,0.45,,,0.46,0.45,1.09,0.98,,,0.48,0.45,,,,,0.17,0.26,,,,,,,,,,
1726,0.76,0.78,0.45,0.54,,,0.5,0.46,1.22,0.98,,,0.5,0.48,,,,,0.18,0.43,,,,,,,,,,
1727,0.77,1.05,0.42,0.65,,,0.39,0.4,1.15,0.97,,,0.81,0.67,,,,,0.27,0.53,,,,,,,,,,
1728,0.85,1.02,0.45,0.79,,,0.55,0.43,1.45,1.14,,,0.77,0.88,,,,,0.48,0.65,,,,,,,,,,
1729,0.64,0.9,0.37,0.78,,,0.47,0.35,1.26,0.77,,,0.67,0.66,,,,,0.27,0.36,,,,,,,,,,
1730,0.56,0.7,0.19,0.37,,,0.33,0.26,0.86,0.72,,,0.44,0.44,,,,,0.18,0.23,,,,,,,,,,
1731,0.66,0.86,0.38,0.48,,,0.47,0.32,1.04,1.08,,,0.59,0.63,,,,,0.32,0.46,,,,,,,,,,
1732,0.57,0.61,0.28,0.36,,,0.53,0.39,1.06,0.78,,,0.39,0.54,,,,,0.31,0.38,,,,,,,,,,
1733,0.52,0.46,0.48,0.54,,,0.6,0.41,0.86,0.73,,,0.62,0.63,,,,,0.27,0.34,,,,,,,,,,
1734,0.48,0.58,0.41,0.38,,,0.46,0.33,0.98,0.8,,,0.42,0.67,,,,,0.31,0.28,,,,,,,,,,
1735,0.51,0.54,0.25,0.38,,,0.4,0.27,0.56,0.65,,,0.39,0.5,,,,,0.19,0.22,,,,,,,,,,
1736,0.48,0.48,0.19,0.3,,,0.35,0.26,0.36,0.42,,,0.31,0.43,,,,,0.1,0.14,,,,,,,,,,
1737,0.53,0.51,0.21,0.25,,,0.43,0.27,0.6,0.47,,,0.43,0.52,,,,,0.14,0.28,,,,,,,,,,
1738,0.43,0.48,0.27,0.32,,,0.35,0.21,0.64,0.4,,,0.29,0.45,,,,,0.12,0.33,,,,,,,,,,
1739,0.49,0.45,0.32,0.33,,,0.38,0.25,0.59,0.37,,,0.38,0.48,,,,,0.06,0.31,,,,,,,,,,
1740,0.34,0.41,0.21,0.27,,,0.3,0.2,0.53,0.27,,,0.27,0.35,,,,,0.14,0.2,,,,,,,,,,
1741,0.35,0.38,0.26,0.39,,,0.35,0.27,0.5,0.3,,,0.3,0.39,,,,,0.02,0.31,,,,,,,,,,
1742,0.37,0.42,0.26,0.28,,,0.39,0.25,0.55,0.37,,,0.4,0.36,,,,,0.03,0.29,,,,,,,,,,
1743,0.32,0.29,0.25,0.37,,,0.38,0.2,0.35,0.34,,,0.41,0.47,,,,,0.3,0.31,,,,,,,,,,
1744,0.49,0.49,0.34,0.4,,,0.41,0.24,0.61,0.52,,,0.55,0.48,,,,,0.18,0.4,,,,,,,,,,
1745,0.57,0.53,0.26,0.49,,,0.59,0.32,0.52,0.58,,,0.49,0.54,,,,,0.2,0.26,,,,,,,,,,
1746,0.44,0.49,0.33,0.32,,,0.36,0.23,0.67,0.33,,,0.5,0.57,,,,,0.24,0.22,,,,,,,,,,
1747,0.56,0.67,0.33,0.46,,,0.44,0.25,0.67,0.58,,,0.55,0.62,,,,,0.17,0.26,,,,,,,,,,
1748,0.45,0.84,0.18,0.28,,,0.3,0.19,0.39,0.32,,,0.3,0.39,,,,,0.14,0.21,,,,,,,,,,
1749,0.43,0.67,0.25,0.31,,,0.41,0.24,0.47,0.55,,,0.4,0.53,,,,,0.02,0.2,,,,,,,,,,
1750,0.35,0.55,0.23,0.24,,,0.34,0.21,0.45,0.49,,,0.48,0.48,,,,,0.1,0.18,,,,,,,,,,
1751,0.5,0.52,0.26,0.34,,,0.34,0.32,0.57,0.87,,,0.49,0.61,,,,,0.07,0.17,,,,,,,,,,
1752,0.54,0.56,0.25,0.24,,,0.33,0.22,0.54,0.59,,,0.52,0.51,,,,,0.11,0.27,,,,,,,,,,
1753,0.52,0.53,0.35,0.34,,,0.41,0.27,0.54,0.67,,,0.56,0.51,,,,,0.21,0.28,,,,,,,,,,
1754,0.51,0.53,0.34,0.33,,,0.33,0.27,0.43,0.62,,,0.53,0.64,,,,,0.24,0.27,,,,,,,,,,
1755,0.38,0.31,0.34,0.4,,,0.34,0.27,0.62,0.6,,,0.5,0.52,,,,,0.23,0.23,,,,,,,,,,
1756,0.33,0.29,0.23,0.21,,,0.29,0.24,0.52,0.63,,,0.3,0.42,,,,,0.28,0.24,,,,,,,,,,
1757,0.51,0.45,0.34,0.37,,,0.32,0.3,0.68,0.78,,,0.4,0.53,,,,,0.41,0.42,,,,,,,,,,
1758,0.38,0.3,0.26,0.36,,,0.34,0.3,0.62,0.8,,,0.36,0.51,,,,,0.35,0.35,,,,,,,,,,
1759,0.33,0.32,0.23,0.36,,,0.39,0.26,0.74,0.74,,,0.45,0.61,,,,,0.26,0.28,,,,,,,,,,
1760,0.38,0.28,0.26,0.36,,,0.3,0.3,0.82,0.79,,,0.55,0.68,,,,,0.23,0.26,,,,,,,,,,
1761,0.29,0.21,0.13,0.46,,,0.27,0.34,0.56,0.44,,,0.27,0.58,,,,,0.19,0.1,,,,,,,,,,
1762,0.55,0.55,0.32,0.63,,,0.51,0.4,0.88,0.91,,,0.63,1.03,,,,,0.56,0.33,,,,,,,,,,
1763,0.38,0.3,0.21,0.34,,,0.36,0.31,0.62,0.8,,,0.48,0.62,,,,,0.32,0.21,,,,,,,,,,
1764,0.36,0.2,0.29,0.33,,,0.39,0.27,0.35,0.69,,,0.58,0.58,,,,,0.26,0.17,,,,,,,,,,
1765,0.41,0.33,0.26,0.36,,,0.35,0.36,0.65,0.75,,,0.56,0.78,,,,,0.35,0.21,,,,,,,,,,
1766,0.63,0.37,0.37,0.43,,,0.54,0.44,0.79,0.79,,,0.51,0.77,,,,,0.34,0.25,,,,,,,,,,
1767,0.59,0.32,0.2,0.43,,,0.7,0.58,0.7,0.85,,,0.59,0.65,,,,,0.36,0.22,,,,,,,,,,
1768,0.76,0.61,0.24,0.51,,,0.83,0.62,0.86,0.93,,,0.7,0.87,,,,,0.5,0.3,,,,,,,,,,
1769,0.54,0.36,0.2,0.54,,,0.72,0.48,0.87,0.75,,,0.58,0.76,,,,,0.39,0.12,,,,,,,,,,
1770,0.5,0.43,0.2,0.38,,,0.94,0.51,0.77,0.78,,,0.61,0.81,,,,,0.44,0.15,,,,,,,,,,
1771,0.56,0.5,0.3,0.57,,,0.74,0.59,0.85,0.89,,,0.64,0.7,,,,,0.57,0.24,,,,,,,,,,
1772,0.5,0.41,0.2,0.33,,,0.6,0.39,0.55,0.7,,,0.35,0.46,,,,,0.29,0.19,,,,,,,,,,
1773,0.4,0.33,0.15,0.2,,,0.45,0.25,0.38,0.46,,,0.23,0.36,,,,,0.2,0.09,,,,,,,,,,
1774,0.46,0.51,0.28,0.38,,,0.48,0.29,0.6,0.54,,,0.45,0.49,,,,,0.26,0.14,,,,,,,,,,
1775,0.32,0.45,0.2,0.21,,,0.39,0.45,0.33,0.31,,,0.36,0.42,,,,,0.15,0.1,,,,,,,,,,
1776,0.44,0.49,0.25,0.25,,,0.49,0.36,0.54,0.58,,,0.31,0.46,,,,,0.27,0.11,,,,,,,,,,
1777,0.44,0.45,0.29,0.36,,,0.46,0.44,0.34,0.54,,,0.34,0.56,,,,,0.29,,,,,,,,,,,
1778,0.3,0.21,0.12,0.21,,,0.32,0.25,0.35,0.68,,,0.29,0.38,,,,,0.15,,,,,,,,,,,
1779,0.31,0.33,0.14,0.29,,,0.4,0.3,0.44,0.45,,,0.25,0.38,,,,,0.23,,,,,,,,,,,
1780,0.23,0.25,0.07,0.17,,,0.34,0.21,0.22,0.31,,,0.27,0.28,,,,,0.03,,,,,,,,,,,0.53
1781,0.33,0.37,0.26,0.33,,,0.4,0.33,0.45,0.48,,,0.35,0.58,,,,,0.22,,,,,,,,,,,0.56
1782,0.24,0.25,0.22,0.25,,,0.34,0.2,0.23,0.25,,,0.31,0.34,,,,,0.09,,,,,,,,,,,0.53
1783,0.29,0.29,0.17,0.33,,,0.33,0.18,0.2,0.29,,,0.33,0.31,,,,,0.08,,,,,,,,,,,0.59
1784,0.28,0.26,0.25,0.35,,,0.44,0.3,0.28,0.25,,,0.49,0.47,,,,,0.08,,,,,,,,,,,0.68
1785,0.26,0.29,0.16,0.24,,,0.39,0.4,0.12,0.29,,,0.5,0.38,,,,,0.18,,,,,,,,,,0.93,0.86
1786,0.22,0.21,0.13,0.19,,,0.37,0.25,0.11,0.28,,,0.36,0.35,,,,,0.08,,,,,,,,,,0.99,0.86
1787,0.17,0.18,0.13,0.16,,,0.31,0.18,0.1,0.28,,,0.23,0.27,,,,,0.13,,,,,,,,,,1.0,0.83
1788,0.24,0.24,0.19,0.17,,,0.29,0.23,0.23,0.42,,,0.34,0.23,,,,,0.16,,,,,,,,,,1.49,1.13
1789,0.16,0.16,0.15,0.22,,,0.26,0.2,0.23,0.33,,,0.28,0.26,,,,,0.08,,,,,,,,,,0.94,0.95
1790,0.18,0.19,0.24,0.33,,,0.3,0.3,0.32,0.43,,,0.31,0.26,0.61,,,,0.13,,,,,,,,,,1.31,1.3
1791,0.26,0.22,0.3,0.31,,,0.38,0.35,0.38,0.5,,,0.39,0.35,0.36,0.2,,,0.32,,,,,,,,,,1.18,1.29
1792,0.27,0.3,0.26,0.3,,,0.33,0.26,0.31,0.43,,,0.3,0.41,0.33,0.18,,,0.26,,,,,,,,,,0.96,0.83
1793,0.2,0.21,0.18,0.21,,,0.3,0.22,0.25,0.43,,,0.4,0.3,0.41,0.36,,,0.16,,,,,,,,,,1.18,1.08
1794,0.26,0.35,0.24,0.21,,,0.25,0.22,0.28,0.38,,,0.33,0.37,0.31,0.3,,,0.18,,,,,,,,,,1.14,1.16
1795,0.3,0.48,0.26,0.27,,,0.3,0.24,0.35,0.46,,,0.38,0.36,0.32,0.23,,,0.29,,,,,,,,,,1.47,1.36
1796,0.31,0.37,0.26,0.25,,,0.33,0.23,0.44,0.54,,,0.4,0.4,0.32,0.26,,,0.28,,,,,,,,,,1.25,1.68
1797,0.34,0.37,0.25,0.3,,,0.39,0.21,0.54,0.62,,,0.45,0.38,0.27,0.32,,,0.39,,,,,,,,,,1.31,1.44
1798,0.28,0.27,0.26,0.27,,,0.37,0.34,0.55,0.57,,,0.44,0.41,0.3,0.24,,,0.16,,,,,,,,,,1.25,1.26
1799,0.28,0.33,0.22,0.29,,,0.46,0.34,0.51,0.62,,,0.36,0.4,0.29,0.3,,,0.34,,,,,,,,,,1.14,1.4
1800,0.3,0.29,0.33,0.32,,,0.53,0.38,0.54,0.54,,,0.47,0.47,0.33,0.35,,,0.41,,,,,,,,,,1.58,1.75
1801,0.26,0.27,0.27,0.28,,,0.59,0.44,0.52,0.72,,,0.45,0.55,0.27,0.23,,,0.56,,,,,,,,,,1.82,1.74
1802,0.25,0.32,0.23,0.21,,,0.5,0.33,0.31,0.48,,,0.34,0.46,0.23,0.22,,,0.4,,,,,,,,,,1.37,1.16
1803,0.26,0.35,0.27,0.21,,,0.3,0.2,0.35,0.38,,,0.42,0.45,0.49,0.41,,,0.34,,,,,,,,,,1.0,1.13
1804,0.2,0.31,0.14,0.2,,,0.25,0.17,0.3,0.37,,,0.4,0.35,0.46,0.41,,,0.16,,,,,,,,,,1.11,1.17
1805,0.32,0.39,0.37,0.3,,,0.39,0.29,0.4,0.48,,,0.5,0.42,0.52,0.39,,,0.29,,,,,,,,,,1.27,1.46
1806,0.24,0.29,0.19,0.26,,,0.33,0.29,0.29,0.27,,,0.32,0.27,0.33,0.3,,,0.14,,,,,,,,,,0.95,1.02
1807,0.27,0.51,0.19,0.36,,,0.46,0.39,0.49,0.44,,,0.41,0.4,0.1,0.15,,,0.37,,,,,,,,,,1.25,1.24
1808,0.16,0.29,0.18,0.21,,,0.28,0.22,0.28,0.22,,,0.34,0.41,0.04,0.15,,,0.24,,,,,,,,,,1.24,1.01
1809,0.11,0.26,0.16,0.23,,,0.23,0.18,0.12,0.11,,,0.22,0.26,0.01,0.08,,,0.11,,,,,,,,,,1.36,0.94
1810,0.07,0.18,0.03,0.1,,,0.11,0.05,0.1,0.04,,,0.11,0.14,0.03,0.04,,,0.07,,,,,,,,,,0.47,0.38
1811,0.15,0.14,0.11,0.16,,,0.16,0.06,0.14,0.22,,,0.17,0.19,0.12,0.13,,,0.02,,,,,,,,,,0.85,0.64
1812,0.21,0.2,0.27,0.26,,,0.29,0.19,0.39,0.41,,,0.3,0.4,0.17,0.15,,,0.19,,,,,,,,,,0.9,0.61
1813,0.21,0.26,0.19,0.26,,,0.32,0.16,0.24,0.55,,,0.44,0.37,0.16,0.2,,,0.36,,,,,,,,,,0.88,0.62
1814,0.19,0.31,0.21,0.21,,,0.22,0.13,0.2,0.3,,,0.34,0.36,0.17,0.25,,,0.22,,,,,,,,,,0.88,0.73
1815,0.15,0.24,0.15,0.16,,,0.23,0.15,0.18,0.36,,,0.15,0.27,0.14,0.18,,,0.19,,,,,,,,,,0.8,0.55
1816,0.06,0.16,0.1,0.12,,,0.14,0.13,0.08,0.16,,,0.14,0.15,0.1,0.13,,,0.09,,,,,,,,,,0.65,0.52
1817,0.16,0.2,0.12,0.09,,,0.13,0.14,0.11,0.21,,,0.18,0.17,0.1,0.14,,,0.1,,,,,,,,,,0.81,0.55
1818,0.13,0.17,0.17,0.17,,,0.22,0.18,0.2,0.26,,,0.26,0.25,0.1,0.19,,,0.3,,,,,,,,,,0.86,0.71
1819,0.16,0.2,0.18,0.23,,,0.25,0.23,0.26,0.3,,,0.28,0.37,0.1,0.23,,,0.11,,,,,,,,,,0.97,0.86
1820,0.17,0.19,0.16,0.16,,,0.25,0.13,0.11,0.2,,,0.32,0.36,0.15,0.25,,,0.19,,,,,,,,,,0.92,0.94
1821,0.21,0.3,0.23,0.26,,,0.29,0.24,0.18,0.24,,,0.36,0.34,0.25,0.37,,,0.28,,,,,,,,,,1.17,0.76
1822,0.2,0.24,0.19,0.24,,,0.33,0.26,0.14,0.24,,,0.34,0.4,0.21,0.27,,,0.2,,,,,,,,,,0.46,0.64
1823,0.17,0.2,0.14,0.19,,,0.15,0.21,0.17,0.19,,,0.21,0.29,0.24,0.39,,,0.08,,,,,,,,,,0.97,0.72
1824,0.18,0.21,0.14,0.21,,,0.2,0.26,0.18,0.25,,,0.25,0.27,0.28,0.32,,,0.09,,,,,,,,,,1.17,0.81
1825,0.14,0.18,0.15,0.13,,,0.22,0.22,0.09,0.21,,,0.24,0.28,0.24,0.32,,,0.12,,,,,,,,,,0.93,0.7
1826,0.1,0.09,0.01,0.06,,,0.15,0.14,0.08,0.08,,,0.2,0.2,0.22,0.26,,,0.13,,,,,,,,,,0.81,0.52
1827,0.17,0.21,0.15,0.21,,,0.18,0.13,0.22,0.27,,,0.37,0.37,0.26,0.37,,,0.26,,,,,,,,,,1.36,0.89
1828,0.13,0.14,0.19,0.19,,,0.19,0.16,0.21,0.31,,,0.23,0.24,0.25,0.39,,,0.09,,,,,,,,,,1.13,0.86
1829,0.16,0.19,0.18,0.22,,,0.16,0.16,0.22,0.35,,,0.25,0.39,0.39,0.49,,,0.16,,,,,,,,,,1.21,0.82
1830,0.25,0.27,0.21,0.4,,,0.4,0.33,0.32,0.53,,,0.55,0.67,0.4,0.54,,,0.14,,,,,,,,,,1.78,1.33
1831,0.17,0.24,0.15,0.19,,,0.23,0.17,0.27,0.39,,,0.29,0.38,0.32,0.46,,,0.13,,,,,,,,,,1.08,0.87
1832,0.17,0.21,0.17,0.27,,,0.36,0.26,0.34,0.34,,,0.26,0.27,0.49,0.63,,,0.16,,,,,,,,,,1.28,0.87
1833,0.19,0.24,0.2,0.27,,,0.43,0.28,0.36,0.36,,,0.36,0.34,0.36,0.55,,,0.13,,,,,,,,,,1.21,0.71
1834,0.17,0.22,0.16,0.28,,,0.33,0.19,0.38,0.3,,,0.32,0.3,0.39,0.58,,,0.07,,,,,,,,,,0.91,0.78
1835,0.18,0.2,0.17,0.24,,,0.24,0.13,0.32,0.26,,,0.23,0.27,0.37,0.43,,,0.15,,,,,,,,,,0.83,0.72
1836,0.1,0.15,0.15,0.17,,,0.24,0.2,0.24,0.23,,,0.24,0.32,0.25,0.37,,,,,,,,,,,,,0.87,0.81
1837,0.15,0.17,0.17,0.24,,,0.37,0.25,0.45,0.49,,,0.42,0.38,0.25,0.4,,,,,,,,,,,,,0.88,0.84
1838,0.11,0.09,0.02,0.1,,,0.18,0.13,0.25,0.27,,,0.26,0.3,0.23,0.39,,,,,,,,,,,,,0.57,0.52
1839,0.23,0.22,0.25,0.28,,,0.43,0.31,0.62,0.47,,,0.48,0.6,0.24,0.4,,,,,,,,,,,,,0.9,0.99
1840,0.02,0.25,0.22,0.27,,,0.35,0.34,0.42,0.49,,,0.44,0.43,0.36,0.5,,,,,,,,,,,,,0.8,0.61
1841,0.2,0.17,0.12,0.19,,,0.27,0.24,0.32,0.28,,,0.29,0.31,0.35,0.43,,,,,,,,,,,,,0.62,0.43
1842,0.17,0.22,0.17,0.26,,,0.29,0.27,0.2,0.39,,,0.48,0.32,0.42,0.53,,,,,,,,,,,,,0.68,0.49
1843,0.23,0.19,0.24,0.18,,,0.33,0.19,0.24,0.26,,,0.4,0.39,0.35,0.44,,,,,,,,,,,,,0.82,0.44
1844,0.16,0.14,0.18,0.21,,,0.2,0.27,0.27,0.18,,,0.27,0.2,0.37,0.61,,,,,,,,,,,,,0.73,0.39
1845,0.1,0.1,0.09,0.26,0.65,,0.15,0.26,0.19,0.15,,,0.24,0.22,0.5,0.23,,,,,,,,,,,,,0.48,0.34
1846,0.09,0.11,0.18,0.19,0.67,,0.14,0.23,0.16,0.24,,,0.3,0.18,0.44,0.17,,,,,,,,,,,,,0.54,0.34
1847,0.15,0.15,0.15,0.24,0.89,,0.2,0.22,0.22,0.26,,,0.27,0.17,0.3,0.19,,,,,,,,,,,,,0.45,0.31
1848,0.1,0.19,0.15,0.18,0.67,,0.18,0.16,0.25,0.27,,,0.27,0.24,0.3,0.36,,,,,,,,,,,,,0.46,0.3
1849,0.12,0.23,0.18,0.23,0.81,,0.24,0.25,0.27,0.46,,,0.24,0.34,0.28,0.41,,,,,,,,,,,,,0.5,0.37
1850,0.12,0.24,0.14,0.27,0.49,,0.29,0.25,0.26,0.37,,,0.33,0.31,0.25,0.38,,,,,,,,,,,,,0.6,0.44
1851,0.13,0.24,0.09,0.24,0.79,,0.31,0.22,0.35,0.4,,,0.25,0.17,0.27,0.4,,,,,,,,,,,,,0.61,0.48
1852,0.18,0.23,0.11,0.24,0.73,,0.25,0.22,0.39,0.38,,,0.34,0.3,0.27,0.42,,,,,,,,,,,,,0.95,0.42
1853,0.24,0.4,0.23,0.33,1.38,,0.38,0.31,0.52,0.52,,,0.38,0.32,0.59,0.76,,,,,,,,,,,,,1.33,0.76
1854,0.23,0.27,0.29,0.35,1.25,,0.55,0.39,0.6,0.63,,,0.41,0.37,0.47,0.62,,,,,,,,,,,,,0.97,0.77
1855,0.25,0.42,0.26,0.27,1.23,,0.41,0.4,0.58,0.8,,,0.35,0.35,0.44,0.52,,,,,,,,,,,,,1.11,0.72
1856,0.3,0.46,0.46,0.44,1.08,,0.5,0.4,1.14,1.02,,,0.49,0.4,0.63,0.72,,,,,,,,,,,,,1.49,0.97
1857,0.16,0.3,0.32,0.33,0.8,,0.38,0.28,0.93,0.65,,,0.4,0.4,0.59,0.61,,,,,,,,,,,,,1.18,0.92
1858,0.09,0.2,0.12,0.12,0.62,,0.15,0.14,0.54,0.17,,,0.12,0.13,0.32,0.26,,,,,,,,,,,,,0.76,0.6
1859,0.18,0.31,0.24,0.22,0.87,,0.31,0.3,0.81,0.41,,,0.2,0.22,0.59,0.43,,,,,,,,,,,,,1.08,0.79
1860,0.28,0.32,0.34,0.35,1.17,,0.41,0.36,0.87,0.62,,,0.26,0.25,0.61,0.52,,,,,,,,,,,,,0.89,0.73
1861,0.18,0.23,0.24,0.19,0.93,,0.33,0.28,0.52,0.3,,,0.14,0.22,0.57,0.43,,,,,,,,,,,,,0.57,0.35
1862,0.23,0.23,0.28,0.32,0.74,,0.41,0.29,0.68,0.42,,,0.18,0.27,0.33,0.33,,,,,,,,,,,,,0.52,0.46
1863,0.12,0.08,0.11,0.04,0.44,,0.18,0.15,0.29,0.1,,,0.12,0.09,0.19,0.22,,,,,,,,,,,,,0.34,0.26
1864,0.28,0.36,0.2,0.26,0.98,,0.31,0.23,0.66,0.36,,,0.22,0.25,0.44,0.31,,,,,,,,,,,,,0.76,0.45
1865,0.19,0.22,0.24,0.2,0.72,,0.24,0.18,0.56,0.41,,,0.19,0.17,0.34,0.26,,,,,,,,,,,,,0.51,0.39
1866,0.17,0.21,0.26,0.33,0.88,,0.36,0.22,0.53,0.4,,,0.2,0.25,0.43,0.38,,,,,,,,,,,,,0.64,0.36
1867,0.21,0.18,0.17,0.19,0.8,0.44,0.38,0.24,0.46,0.54,,,0.17,0.24,0.4,0.4,,,,,,,,,,,,,0.55,0.31
1868,0.27,0.27,0.24,0.29,0.8,0.58,0.25,0.22,0.5,0.33,,,0.2,0.35,0.46,0.42,,,,,,,,,,,,,0.38,0.45
1869,0.26,0.25,0.39,0.38,0.8,0.54,0.44,0.26,0.4,0.3,,0.99,0.25,0.29,0.43,0.5,,,,,,,,,,,,,0.55,0.41
1870,0.28,0.33,0.38,0.36,0.78,0.54,0.54,0.26,0.46,0.39,,1.31,0.18,0.36,0.43,0.54,,,,,,,,,,,,,0.61,0.61
1871,0.18,0.18,0.27,0.17,0.63,0.61,0.37,0.3,0.37,0.25,0.55,0.92,0.19,0.32,0.51,0.78,,,,,,,,,,,,,0.59,0.48
1872,0.11,0.14,0.27,0.17,0.66,0.56,0.32,0.25,0.33,0.41,0.74,1.03,0.12,0.26,0.47,0.51,,,,,,,,,,,,,0.68,0.42
1873,0.3,0.19,0.28,0.28,0.88,0.49,0.38,0.33,0.45,0.51,0.49,1.12,0.19,0.51,0.43,0.53,,,,,,,,,,,,,0.45,0.33
1874,0.29,0.22,0.37,0.42,1.02,0.92,0.49,0.43,0.5,0.46,0.98,1.42,0.3,0.56,0.48,0.56,,0.44,,,,,,,,,,,0.49,0.37
1875,0.36,0.27,0.42,0.38,1.17,0.8,0.42,0.39,0.51,0.38,0.99,1.23,0.23,0.4,0.38,0.49,,0.52,,,,,,,,,,,0.61,0.34
1876,0.29,0.2,0.36,0.37,1.14,0.76,0.46,0.38,0.4,0.22,1.0,0.99,0.21,0.38,0.43,0.46,,0.65,,,,,,,,,,,0.38,0.33
1877,0.25,0.23,0.3,0.4,1.15,0.98,0.35,0.37,0.42,0.34,0.89,0.98,0.26,0.42,0.4,0.44,,0.99,,,,,,,,,,,0.23,0.49
1878,0.34,0.36,0.4,0.43,1.62,1.56,0.37,0.53,0.4,0.56,0.96,1.2,0.28,0.53,0.6,0.43,,1.19,,,,,,,,,,,0.35,0.45
1879,0.31,0.2,0.33,0.34,1.5,1.46,0.25,0.31,0.23,0.32,1.01,1.31,0.23,0.47,0.66,0.52,,0.97,,,,,,,,,,,0.56,0.36
1880,0.36,0.29,0.39,0.42,1.37,1.36,0.36,0.39,0.45,0.46,1.05,1.08,0.32,0.43,0.62,0.77,,1.13,,,,,,,,,,,0.61,0.47
1881,0.23,0.17,0.27,0.24,1.24,1.25,0.24,0.21,0.23,0.17,0.73,0.7,0.15,0.41,0.36,0.52,,0.66,,,,,,,,,,,0.5,0.38
1882,0.21,0.09,0.17,0.18,0.52,0.5,0.3,0.11,0.19,0.16,0.59,0.47,0.08,0.27,0.14,0.29,0.84,0.55,,,,,,,,,,,0.34,0.26
1883,0.33,0.31,0.25,0.25,1.46,1.2,0.36,0.21,0.35,0.37,0.62,0.59,0.2,,0.31,0.4,1.21,1.06,,,,,,,,,,,0.5,0.45
1884,0.37,0.35,0.45,0.44,1.36,0.98,0.33,0.23,0.4,0.34,0.63,0.56,0.25,,0.4,0.39,1.53,1.48,,,,,,,,,,,0.63,0.56
1885,0.33,0.27,0.2,0.18,0.89,1.26,0.26,0.29,0.32,0.27,0.61,0.58,0.18,,0.26,0.26,1.19,1.19,,,,,,,,,,,0.57,0.35
1886,0.33,0.3,0.32,0.23,1.33,0.87,0.16,0.25,0.02,0.03,0.64,0.6,0.13,,0.22,0.3,1.21,1.2,,,,,,,,,,,0.41,0.32
1887,0.33,0.19,0.26,0.18,0.88,0.99,0.26,0.27,0.12,0.1,0.65,0.48,0.19,,0.15,0.22,1.11,1.15,,,,,,1.53,,,,,0.31,0.15
1888,0.31,0.25,0.28,0.22,1.18,0.9,0.18,0.17,0.09,0.04,0.59,0.52,0.11,,0.29,0.24,1.59,1.14,,,,,,1.22,,,,,0.16,0.14
1889,0.49,0.44,0.3,0.25,1.21,0.85,0.25,0.27,0.18,0.17,0.44,0.5,0.15,,0.43,0.36,1.24,1.27,,,,,1.42,1.34,,,,0.8,0.32,0.23
1890,0.5,0.56,0.43,0.34,1.48,1.61,0.24,0.31,0.23,0.21,0.6,0.61,0.19,,0.42,0.35,1.65,1.48,,,,,1.29,1.1,,,,1.22,0.43,0.25
1891,0.41,0.46,0.33,0.31,1.17,1.17,0.2,0.32,0.14,0.22,0.57,0.72,0.13,,0.39,0.32,1.49,1.24,,,,1.39,1.74,1.64,,,,1.28,0.46,0.36
1892,0.49,0.37,0.26,0.31,1.37,1.89,0.23,0.35,0.2,0.16,0.59,0.73,0.18,,0.63,0.43,1.18,1.16,,,,0.95,1.61,1.52,,,,1.17,0.37,0.48
1893,0.45,0.37,0.18,0.19,0.97,1.21,0.16,0.24,0.15,0.14,0.66,0.56,0.13,,0.45,0.28,1.17,1.05,,,0.97,1.45,1.49,1.56,,,0.65,1.14,0.28,0.24
1894,0.4,0.27,0.17,0.15,1.0,0.96,0.12,0.15,0.09,0.09,0.54,0.51,0.08,,0.34,0.14,1.11,1.07,,,0.74,1.17,1.0,1.09,,,0.68,0.86,0.19,0.38
1895,0.42,0.31,0.29,0.35,0.7,0.77,0.19,0.25,0.07,0.15,0.55,0.47,0.12,,0.33,0.18,1.04,0.81,,,0.83,0.99,0.8,0.94,,,0.5,0.92,0.37,0.31
1896,0.34,0.29,0.19,0.18,0.67,0.66,0.05,0.14,0.19,0.12,0.73,0.62,0.07,,0.26,0.1,1.41,1.27,,,1.27,1.3,1.44,1.62,,,1.35,1.23,0.28,0.28
1897,0.46,0.36,0.29,0.35,0.67,0.64,0.14,0.3,0.23,0.2,0.68,0.66,0.2,,0.33,0.25,1.55,1.31,,,1.88,1.43,1.22,1.36,,,0.99,1.49,0.26,0.48
1898,0.55,0.69,0.43,0.38,1.09,0.84,0.21,0.39,0.26,0.36,0.99,1.04,0.22,,0.53,0.23,1.85,1.62,,,1.54,2.0,1.38,1.63,,,1.22,1.37,0.51,0.78
1899,0.36,0.29,0.18,0.16,0.55,0.57,0.11,0.18,0.07,0.15,0.51,0.52,0.1,,0.29,0.12,1.37,1.02,,,0.88,1.16,1.05,1.04,,,1.23,1.2,0.33,0.56
1900,0.42,0.46,0.22,0.25,0.59,0.66,0.08,0.28,0.2,0.24,0.8,0.87,0.19,,0.37,0.18,1.91,1.28,,,1.55,1.56,1.62,1.71,,,1.37,1.83,0.48,0.52
1901,0.44,0.36,0.31,0.33,0.67,0.93,0.11,0.27,0.16,0.29,0.91,0.81,0.18,,0.28,0.24,1.61,1.3,,,1.29,1.91,1.75,1.72,1.41,,1.16,1.88,0.54,0.64
1902,0.44,0.37,0.32,0.44,0.87,0.7,0.13,0.25,0.14,0.26,0.68,0.78,0.14,,0.25,0.12,1.31,1.16,,,1.21,1.33,1.43,1.26,1.43,,1.16,1.3,0.54,0.53
1903,0.31,0.24,0.17,0.18,0.47,0.4,0.05,0.15,0.11,0.19,0.3,0.36,0.03,,0.21,0.04,0.85,0.65,,,0.93,1.05,0.99,1.1,0.87,0.82,0.77,1.14,0.29,0.29
1904,0.34,0.25,0.18,0.12,0.62,0.47,0.01,0.18,0.09,0.19,0.4,0.46,0.19,,0.26,0.07,0.9,0.96,,,1.57,2.13,1.38,1.78,1.31,1.29,1.14,1.52,0.23,0.22
1905,0.61,0.52,0.35,0.39,0.94,0.79,0.12,0.3,0.23,0.33,0.91,0.88,0.2,,0.49,0.17,1.13,1.29,,,1.87,2.14,1.69,2.17,1.7,1.5,1.37,1.76,0.56,0.61
1906,0.56,0.44,0.34,0.48,0.94,0.67,0.06,0.28,0.21,0.27,0.72,0.76,0.18,,0.53,0.25,1.05,1.12,,,2.03,1.85,1.57,2.29,1.58,1.33,1.25,1.51,0.52,0.57
1907,0.69,0.46,0.34,0.3,0.8,0.78,0.05,0.26,0.17,0.35,0.92,0.87,0.1,,0.63,0.21,1.11,1.14,,,2.14,2.01,1.92,2.09,2.85,1.76,1.3,1.24,0.52,0.67
1908,0.39,0.34,0.14,0.29,0.48,0.55,0.04,0.22,0.15,0.27,0.69,0.82,0.03,,0.68,0.18,0.91,0.87,,,1.67,1.69,1.08,1.2,1.63,1.56,1.4,1.34,0.41,0.56
1909,0.46,0.45,0.3,0.19,0.69,0.73,0.09,0.31,0.23,0.46,0.86,0.9,0.18,,0.62,0.21,1.13,0.99,,,1.94,1.81,1.29,1.3,1.77,1.41,1.08,1.14,0.48,0.73
1910,0.35,0.4,0.23,0.29,0.87,0.93,0.16,0.28,0.13,0.33,0.73,0.7,,,0.63,0.22,1.36,1.01,,,1.76,1.65,1.21,1.23,1.51,1.33,0.84,0.94,0.32,0.42
1911,0.51,0.38,0.41,0.21,1.31,1.14,0.11,0.17,0.22,0.44,0.81,0.6,,,0.64,0.35,1.46,1.08,,,1.66,1.81,1.21,1.56,1.8,1.27,0.91,0.97,0.5,0.49
1912,0.51,0.32,0.4,0.28,1.52,1.23,0.17,0.24,0.27,0.45,0.88,0.74,,,0.75,0.35,1.71,1.11,,,1.67,1.77,1.2,1.2,1.82,1.29,1.02,0.97,0.47,0.46
1913,0.4,0.36,0.33,0.14,0.8,0.75,0.04,0.21,0.16,0.24,0.77,0.6,,,0.53,0.29,1.53,1.03,,,1.61,1.64,0.98,1.06,1.18,1.49,0.85,1.1,0.36,0.38
1914,0.34,0.36,0.29,0.18,0.93,0.75,0.02,0.14,0.19,0.2,0.75,0.6,,,0.5,0.22,1.13,0.74,,,1.31,1.56,1.04,1.02,1.0,0.79,0.9,1.0,0.25,0.23
1915,0.45,0.48,0.39,0.18,1.07,0.81,0.09,0.24,0.3,0.33,0.92,0.79,,,0.59,0.29,1.27,0.92,,,1.55,1.88,1.29,0.99,1.22,1.14,1.28,1.21,0.42,0.37
1916,0.4,0.36,0.31,0.17,0.91,0.74,0.08,0.21,0.23,0.24,1.08,0.88,,,0.67,0.19,0.9,1.04,,,1.54,1.83,1.32,1.26,1.48,1.41,1.07,1.22,0.5,0.31
1917,0.3,0.29,0.29,0.12,0.63,0.81,0.1,0.22,0.09,0.27,1.05,0.96,,,0.77,0.29,1.4,1.2,,,1.56,2.0,1.25,1.36,1.64,1.45,1.25,1.25,0.35,0.41
1918,0.42,0.31,0.31,0.19,0.94,1.12,0.13,0.31,0.1,0.16,0.79,0.78,,,0.56,0.27,1.15,0.92,,,1.6,2.02,1.17,1.46,2.1,1.7,1.2,1.06,0.4,0.34
1919,0.34,0.33,0.29,0.2,1.32,1.23,0.11,0.24,0.11,0.14,0.81,0.77,,,0.76,0.37,1.31,0.8,,,1.29,1.61,1.24,1.36,1.57,1.14,0.98,0.93,0.37,0.49
1920,0.36,0.33,0.33,0.26,1.03,1.06,0.14,0.21,0.22,0.19,0.62,0.6,,,0.69,0.24,1.26,0.78,,,0.99,1.38,1.47,1.43,1.29,1.14,0.9,0.96,0.24,0.22
1921,0.45,0.4,0.35,0.23,1.01,0.67,0.11,0.24,0.18,0.43,0.67,0.65,,,0.45,0.12,1.12,0.63,,,1.08,1.19,1.55,1.67,1.5,1.12,0.68,0.83,0.48,0.37
1922,0.43,0.54,0.51,0.36,0.93,1.02,0.24,0.35,0.41,0.51,1.13,1.1,,,0.58,0.17,1.62,1.13,,,1.51,1.94,1.78,2.49,2.08,1.55,1.22,1.06,0.6,0.47
1923,0.4,0.34,0.44,0.37,1.21,1.1,0.18,0.35,0.41,0.54,1.16,1.24,,,0.97,0.2,1.53,1.22,,,1.55,2.48,1.64,2.2,2.08,1.45,1.33,1.83,0.52,0.43
1924,0.34,0.31,0.41,0.19,0.81,0.81,0.08,0.22,0.19,0.23,0.76,0.78,,,0.55,0.19,1.42,1.09,,,1.27,1.94,1.58,1.61,1.8,1.49,1.15,1.88,0.43,0.29
1925,0.5,0.45,0.37,0.44,1.1,1.41,0.11,0.37,0.32,0.51,1.42,1.32,,,1.15,0.27,1.44,1.07,,,1.45,1.94,1.79,2.31,1.84,1.55,0.97,1.79,0.71,0.3
1926,0.37,0.36,0.29,0.31,0.78,1.09,0.13,0.22,0.24,0.27,0.93,0.74,,,1.01,0.23,1.03,0.6,,,0.97,1.36,1.25,2.39,1.28,1.23,0.85,1.31,0.39,0.23
1927,0.53,0.35,0.24,0.32,0.95,1.34,0.17,0.32,0.28,0.54,1.05,0.69,,,0.99,0.24,1.3,0.94,,,1.2,1.83,1.57,2.2,1.79,1.34,1.02,1.45,0.59,0.24
1928,0.43,0.37,0.42,0.31,1.02,1.44,0.23,0.26,0.3,0.38,1.05,0.79,,,0.79,0.2,1.0,0.75,,,1.05,1.5,1.67,2.97,1.21,1.05,0.95,1.48,0.49,0.35
1929,0.52,0.56,0.35,0.5,1.07,1.21,0.27,0.29,0.31,0.39,1.27,0.88,,,0.74,0.3,1.04,0.93,,,1.25,1.65,1.46,1.88,1.0,0.91,1.01,1.16,0.49,0.35
1930,0.5,0.34,0.29,0.36,1.09,1.45,0.23,0.28,0.34,0.44,1.36,1.04,,,0.71,0.44,1.25,1.05,,,1.52,2.19,1.61,2.29,1.34,1.42,1.09,1.44,0.58,0.44
1931,0.54,0.35,0.34,0.44,1.14,1.19,0.15,0.25,0.28,0.37,1.15,0.78,,,0.66,0.37,0.95,0.85,,,0.99,1.05,1.28,1.78,1.12,1.2,0.88,0.88,0.51,0.34
1932,0.53,0.32,0.29,0.37,0.96,0.78,0.12,0.11,0.4,0.4,1.15,1.04,,,0.74,0.53,1.0,0.8,,,1.15,1.44,1.3,1.43,1.12,1.02,0.82,1.11,0.58,0.44
1933,0.5,0.33,0.29,0.43,0.82,0.94,0.15,0.17,0.32,0.39,0.9,0.73,,,0.92,0.41,1.01,0.74,,,1.28,1.42,1.08,1.55,0.83,1.17,0.66,1.0,0.5,0.55
1934,0.34,0.25,0.18,0.21,0.74,0.86,0.12,0.17,0.21,0.3,0.77,0.65,,,0.79,0.38,0.75,0.63,,,1.27,1.49,1.12,1.66,0.78,1.05,0.52,0.98,0.71,0.39
1935,0.43,0.23,0.16,0.24,0.55,0.7,0.16,0.16,0.35,0.35,0.94,0.81,,,0.78,0.37,0.69,0.61,,,1.1,1.31,1.28,1.47,0.91,1.11,0.55,0.66,0.52,0.39
1936,0.39,0.28,0.31,0.34,0.61,0.72,0.07,0.14,0.2,0.26,0.91,0.65,,,0.65,0.32,0.77,0.59,,,1.18,1.31,1.18,1.32,0.92,1.05,0.66,0.74,0.34,0.38
1937,0.4,0.34,0.3,0.23,0.65,0.59,0.16,0.22,0.39,0.38,0.77,0.59,,,0.5,0.4,0.72,0.64,,,1.48,1.18,1.16,1.23,0.75,1.08,0.7,0.7,0.42,0.39
1938,0.35,0.28,0.23,0.22,0.52,0.47,0.14,0.17,0.3,0.32,1.12,0.69,,,0.49,0.38,0.56,0.53,,,1.34,1.32,0.92,1.64,0.99,1.2,0.85,0.96,0.3,0.42
1939,0.38,0.3,0.32,0.26,0.61,0.54,0.14,0.18,0.23,0.41,1.1,0.74,,,0.74,0.67,0.77,0.65,,,1.1,1.21,1.04,1.5,1.01,1.42,0.87,1.1,0.44,0.43
1940,0.39,0.44,0.31,0.24,0.68,0.54,0.15,0.18,0.33,0.41,1.05,0.73,,,0.89,0.81,0.81,0.79,,,1.16,1.22,1.26,1.36,1.12,1.23,0.85,1.07,0.48,0.46
1941,0.34,0.32,0.27,0.23,0.54,0.44,0.18,0.17,0.28,0.3,0.69,0.53,,,0.65,0.46,0.47,0.56,,,0.81,0.77,0.99,1.05,1.07,1.26,0.81,0.93,0.35,0.31
1942,0.28,0.26,0.3,0.17,0.4,0.44,0.12,0.22,0.24,0.31,0.62,0.47,,,0.51,0.35,0.47,0.44,,,0.88,0.84,0.87,1.08,0.91,1.09,0.75,0.95,0.41,0.26
1943,0.28,0.26,0.34,0.38,0.57,0.55,0.13,0.15,0.26,0.36,0.87,0.5,,,0.52,0.46,0.59,0.64,,,1.08,1.2,1.07,1.4,1.0,1.13,0.95,0.93,0.31,0.18
1944,0.36,0.4,0.24,0.23,0.56,0.63,0.13,0.13,0.31,0.44,1.0,0.91,,,0.64,0.6,0.69,0.69,,,1.09,1.23,1.38,1.54,1.32,1.47,0.97,1.24,0.44,0.35
1945,0.31,0.33,0.23,0.23,0.54,0.64,0.08,0.12,0.26,0.23,0.97,0.84,,,0.71,0.6,0.59,0.79,,,1.25,1.38,1.52,1.25,1.37,1.52,0.86,1.29,0.45,0.31
1946,0.28,0.27,0.24,0.22,0.59,0.48,0.12,0.13,0.19,0.32,1.16,0.56,,,0.44,0.46,0.42,0.44,,,0.74,0.83,1.08,1.06,0.85,0.77,0.76,1.12,0.36,0.2
1947,0.23,0.22,0.11,0.04,0.45,0.41,0.03,0.02,0.02,0.12,0.6,0.43,,,0.36,0.36,0.33,0.24,,,0.36,0.4,0.57,0.66,0.43,0.44,0.43,0.65,0.26,0.13
1948,0.37,0.3,0.25,0.23,0.74,0.9,0.19,0.2,0.32,0.39,1.0,0.82,,,0.57,0.56,0.86,0.71,,,1.02,0.86,0.94,1.21,0.77,0.9,0.9,1.18,0.55,0.36
1949,0.52,0.36,0.26,0.25,0.79,0.88,0.16,0.21,0.44,0.48,1.13,1.0,,,0.63,0.82,0.89,0.84,,,0.97,0.97,0.98,1.48,1.04,1.32,0.78,1.4,0.44,0.41
1950,0.45,0.39,0.2,0.2,0.78,1.01,0.22,0.2,0.52,0.53,1.15,1.06,,,0.72,0.57,0.78,0.69,,,1.04,0.98,0.83,1.29,0.88,1.12,0.81,1.01,0.54,0.39
1951,0.32,0.23,0.15,0.11,0.52,0.99,0.06,0.02,0.39,0.23,1.01,0.99,,,0.74,0.59,0.74,0.86,,,0.88,0.78,1.12,1.62,1.04,1.07,0.59,0.99,0.41,0.28
1952,0.39,0.33,0.25,0.31,0.74,0.73,0.14,0.13,0.4,0.41,0.86,0.81,,,0.74,0.44,0.55,0.9,,,1.09,0.97,0.93,1.41,1.08,1.07,0.43,0.92,0.44,0.31
1953,0.25,0.28,0.19,0.18,0.36,0.58,0.09,0.02,0.2,0.2,0.56,0.52,,,0.35,0.29,0.4,0.6,,,0.6,0.46,0.76,0.76,0.49,0.7,0.44,0.45,0.34,0.26
1954,0.32,0.31,0.24,0.22,0.46,0.56,0.11,0.07,0.31,0.36,0.71,0.64,,,0.56,0.43,0.13,0.34,,,0.74,0.51,0.4,0.36,0.45,0.8,0.7,0.49,0.44,0.32
1955,0.28,0.29,0.22,0.2,0.35,0.5,0.15,0.15,0.22,0.33,0.55,0.54,,,0.61,0.57,0.28,0.31,,,0.78,0.69,0.25,0.27,0.71,0.83,0.75,0.81,0.45,0.28
1956,0.25,0.3,0.31,0.25,0.42,0.79,0.16,0.18,0.66,0.53,0.81,0.69,,,0.97,0.64,0.47,0.62,,,1.01,1.05,0.53,0.54,0.83,1.1,0.95,1.03,0.6,0.42
1957,0.27,0.28,0.2,0.23,0.4,0.63,0.21,0.15,0.43,0.36,0.63,0.74,,,0.55,0.67,0.33,0.53,,,0.68,0.76,0.54,0.84,0.59,0.87,0.61,1.2,0.43,0.26
1958,0.37,0.32,0.23,0.23,0.44,1.0,0.28,0.06,0.47,0.52,0.72,0.78,,,0.77,0.72,0.5,0.59,,,0.83,0.99,1.0,1.26,1.24,1.19,0.91,1.11,0.59,0.42
1959,0.23,0.25,0.25,0.2,0.43,0.74,0.17,0.08,0.35,0.33,0.67,0.51,,,0.6,0.48,0.33,0.4,,,0.56,0.61,0.69,1.07,0.9,0.87,0.57,0.55,0.41,0.3
1960,0.24,0.24,0.21,0.16,0.37,0.68,0.18,0.09,0.3,0.41,0.67,0.63,,,0.67,0.44,0.33,0.29,,,0.54,0.79,0.67,1.03,0.88,1.1,0.5,0.66,0.34,0.33
1961,0.26,0.26,0.26,0.17,0.36,0.81,0.2,0.12,0.33,0.39,0.57,0.57,,,0.67,0.4,0.3,0.47,,,0.82,0.67,0.56,0.81,0.74,0.88,0.57,0.66,0.42,0.35
1962,0.17,0.15,0.17,0.11,0.25,0.56,0.12,0.09,0.24,0.27,0.44,0.36,,,0.49,0.3,0.21,0.29,,,0.63,0.6,0.36,0.62,0.61,0.67,0.38,0.77,0.3,0.18
1963,0.26,0.2,0.14,0.19,0.45,0.73,0.16,0.09,0.37,0.4,0.74,0.59,,,0.78,0.36,0.31,0.4,,,0.74,0.71,0.71,1.06,0.92,1.11,0.45,0.75,0.44,0.4
1964,0.28,0.27,0.19,0.25,0.52,0.77,0.27,0.11,0.35,0.5,0.7,0.82,,,0.61,0.39,0.35,0.43,,,0.99,0.96,0.34,0.59,1.02,1.18,0.62,0.88,0.46,0.38
1965,0.29,0.26,0.23,0.26,0.42,0.64,0.29,0.2,0.35,0.42,0.87,0.71,,,0.55,0.33,0.34,0.42,,,0.99,0.81,0.52,0.82,0.87,0.95,0.54,0.92,0.64,0.58
1966,0.18,0.14,0.21,0.22,0.3,0.58,0.2,0.11,0.19,0.19,0.58,0.52,,,0.54,0.34,0.32,0.39,,,0.92,0.96,0.68,0.85,0.8,0.82,0.4,0.94,0.45,0.26
1967,0.21,0.15,0.19,0.23,0.5,0.86,0.23,0.06,0.28,0.49,1.02,0.89,,,0.55,0.35,0.32,0.49,,,0.92,0.88,0.77,1.37,0.99,1.16,0.48,0.78,0.34,0.3
1968,0.28,0.28,0.12,0.2,0.44,0.82,0.28,0.06,0.3,0.42,0.94,0.8,,,0.55,0.27,0.4,0.42,,,0.77,0.79,0.63,0.97,0.97,0.94,0.48,0.77,0.38,0.3
1969,0.24,0.17,0.15,0.17,0.35,0.59,0.17,0.06,0.15,0.37,0.59,0.31,,,0.4,0.24,0.26,0.23,,,0.56,0.52,0.21,0.56,0.49,0.49,0.29,0.39,0.29,0.14
1970,0.17,0.16,0.08,0.13,0.38,0.72,0.14,0.04,0.17,0.28,0.56,0.65,,,0.37,0.17,0.2,0.26,,,0.6,0.5,0.29,0.57,0.53,0.58,0.25,0.54,0.26,0.17
1971,0.2,0.2,0.1,0.15,0.53,0.69,0.21,0.09,0.21,0.29,0.67,0.64,,,0.42,0.14,0.24,0.36,,,1.02,0.67,0.48,1.14,0.91,0.69,0.24,0.5,0.42,0.37
1972,0.19,0.08,0.18,0.13,0.5,0.85,0.18,0.1,0.26,0.33,0.47,0.64,,,0.37,0.2,0.25,0.36,,,0.93,0.7,0.52,0.94,0.78,0.64,0.31,0.44,0.31,0.36
1973,0.15,0.08,0.11,0.16,0.38,0.57,0.08,0.06,0.18,0.31,0.47,0.44,,,0.34,0.21,0.25,0.24,,,0.69,0.59,0.3,0.59,0.64,0.41,0.22,0.35,0.38,0.33
1974,0.28,0.21,0.17,0.08,0.59,0.76,0.16,0.09,0.33,0.48,0.65,0.57,,,0.37,0.25,0.39,0.4,,,0.99,0.78,0.58,0.88,0.7,0.77,0.32,0.49,0.5,0.4
1975,0.22,0.19,0.12,0.05,0.35,0.47,0.15,0.13,0.21,0.37,0.48,0.59,,,0.35,0.23,0.23,0.33,,,0.87,0.58,0.45,0.87,0.72,0.52,0.37,0.54,0.32,0.14
1976,0.19,0.21,0.11,0.05,0.39,0.7,0.19,,0.28,0.44,0.55,0.48,,,0.44,0.25,0.24,0.24,,,0.95,0.66,0.46,1.03,0.65,0.64,0.46,0.47,0.41,0.31
1977,0.18,0.18,0.11,0.25,0.38,0.12,0.1,,0.21,0.32,0.5,0.48,,,0.42,0.26,0.15,0.07,,,0.63,0.36,0.34,0.7,0.53,0.53,0.35,0.31,0.33,0.26
1978,0.2,0.22,0.15,0.1,0.46,0.13,0.09,,0.41,0.38,0.48,0.52,,,0.45,0.23,0.17,0.02,,,0.68,0.58,0.49,0.83,0.55,0.68,0.57,0.42,0.42,0.38
1979,0.16,0.16,0.02,0.09,0.23,0.05,0.02,,0.13,0.19,0.36,0.23,,,0.21,0.16,0.09,0.31,,,0.25,0.15,0.15,0.42,0.4,0.52,0.13,0.11,0.17,0.08
1980,0.29,0.18,0.12,0.08,0.47,0.32,0.12,,0.39,0.31,0.93,0.93,,,0.67,0.46,0.17,0.3,,,1.05,0.77,0.54,1.24,1.32,0.95,0.49,0.52,0.42,0.27
1981,0.29,0.27,0.17,0.04,0.59,0.45,0.1,,0.33,0.38,1.14,1.06,,,0.55,0.6,0.36,0.34,,,1.03,0.84,0.76,1.24,1.18,1.24,0.59,0.5,0.57,0.5
1982,0.3,0.29,0.08,,0.55,0.48,0.11,,0.47,0.36,0.79,0.9,,,0.52,0.24,0.27,0.3,,,0.95,0.83,0.58,1.2,0.69,0.92,0.63,0.57,0.71,0.51
1983,0.16,0.16,0.11,,0.49,0.47,0.07,,0.36,0.29,0.7,0.95,,,0.42,0.29,0.35,0.31,,,0.67,0.57,0.57,0.9,0.53,0.85,0.51,0.53,0.44,0.37
1984,0.27,0.3,0.09,,0.59,0.59,0.11,,0.47,0.37,1.0,1.04,,,0.43,0.34,0.41,0.41,,,0.9,0.89,0.53,0.86,0.71,0.84,0.62,0.81,0.39,0.38
1985,0.18,0.22,0.04,,0.42,0.34,0.16,,0.28,0.2,0.77,0.65,,,0.49,0.46,0.3,0.18,,,0.75,0.7,0.65,1.18,0.46,0.55,0.46,0.79,0.42,0.41
1986,0.24,0.19,0.05,,0.37,0.4,0.06,,0.26,0.21,0.94,0.81,,,0.46,0.45,0.18,0.17,,,0.72,0.71,0.5,0.75,0.6,0.59,0.45,0.62,0.4,0.48
1987,0.22,0.3,0.11,,0.86,0.78,0.06,,0.45,0.33,1.5,1.25,,,0.82,0.64,0.61,0.4,,,0.91,0.85,0.65,1.34,1.01,0.76,0.45,0.93,0.5,0.34
1988,0.25,0.3,0.06,,0.88,0.85,,,0.48,0.62,1.16,1.31,,,0.68,0.68,0.47,0.54,,,1.1,0.98,0.74,1.39,1.1,0.96,0.73,1.05,0.42,0.49
1989,0.26,0.3,0.07,,0.82,0.83,,,0.46,0.35,0.82,0.94,,,0.58,0.7,0.61,0.46,,,0.89,0.89,0.81,1.26,0.94,0.89,0.57,0.99,0.68,0.55
1990,0.26,0.29,,,0.79,0.75,,,0.48,0.41,0.72,0.76,,,0.55,0.58,0.52,0.39,,,0.97,0.96,0.61,0.95,0.66,0.82,0.63,0.7,0.5,0.73
1991,0.11,0.2,,,0.51,0.42,,,0.26,0.12,0.42,0.36,,,0.44,0.52,0.23,0.17,,,0.54,0.4,0.24,0.43,0.34,0.46,0.39,0.49,0.34,0.25
1992,0.16,0.35,,,0.73,0.89,,,0.42,0.34,0.45,0.4,,,0.48,0.7,0.32,0.3,,,0.95,0.89,,0.75,0.7,0.71,0.7,0.96,0.33,0.42
